{"pages":["CrimsonText-Regular.png"],"chars":[{"id":87,"index":219,"char":"W","width":47,"height":31,"xoffset":-1,"yoffset":15,"xadvance":44,"chnl":15,"x":0,"y":0,"page":0},{"id":106,"index":349,"char":"j","width":12,"height":40,"xoffset":-2,"yoffset":16,"xadvance":11,"chnl":15,"x":0,"y":32,"page":0},{"id":74,"index":100,"char":"J","width":20,"height":40,"xoffset":-6,"yoffset":15,"xadvance":13,"chnl":15,"x":0,"y":73,"page":0},{"id":40,"index":586,"char":"(","width":12,"height":40,"xoffset":1,"yoffset":11,"xadvance":13,"chnl":15,"x":13,"y":32,"page":0},{"id":41,"index":587,"char":")","width":12,"height":40,"xoffset":0,"yoffset":11,"xadvance":13,"chnl":15,"x":0,"y":114,"page":0},{"id":77,"index":117,"char":"M","width":39,"height":31,"xoffset":-1,"yoffset":15,"xadvance":37,"chnl":15,"x":0,"y":155,"page":0},{"id":81,"index":162,"char":"Q","width":34,"height":37,"xoffset":0,"yoffset":15,"xadvance":30,"chnl":15,"x":13,"y":114,"page":0},{"id":109,"index":368,"char":"m","width":35,"height":22,"xoffset":-1,"yoffset":24,"xadvance":33,"chnl":15,"x":21,"y":73,"page":0},{"id":119,"index":475,"char":"w","width":34,"height":22,"xoffset":-2,"yoffset":24,"xadvance":30,"chnl":15,"x":26,"y":32,"page":0},{"id":36,"index":622,"char":"$","width":20,"height":34,"xoffset":0,"yoffset":14,"xadvance":20,"chnl":15,"x":0,"y":187,"page":0},{"id":98,"index":275,"char":"b","width":23,"height":33,"xoffset":-2,"yoffset":14,"xadvance":20,"chnl":15,"x":0,"y":222,"page":0},{"id":100,"index":286,"char":"d","width":22,"height":33,"xoffset":0,"yoffset":14,"xadvance":20,"chnl":15,"x":21,"y":187,"page":0},{"id":102,"index":315,"char":"f","width":19,"height":33,"xoffset":-1,"yoffset":13,"xadvance":12,"chnl":15,"x":40,"y":152,"page":0},{"id":104,"index":323,"char":"h","width":24,"height":33,"xoffset":-1,"yoffset":14,"xadvance":22,"chnl":15,"x":24,"y":221,"page":0},{"id":107,"index":352,"char":"k","width":24,"height":33,"xoffset":-1,"yoffset":14,"xadvance":20,"chnl":15,"x":44,"y":186,"page":0},{"id":108,"index":358,"char":"l","width":13,"height":33,"xoffset":-1,"yoffset":14,"xadvance":10,"chnl":15,"x":49,"y":220,"page":0},{"id":67,"index":32,"char":"C","width":28,"height":32,"xoffset":0,"yoffset":15,"xadvance":27,"chnl":15,"x":63,"y":220,"page":0},{"id":71,"index":71,"char":"G","width":31,"height":32,"xoffset":0,"yoffset":15,"xadvance":29,"chnl":15,"x":48,"y":96,"page":0},{"id":78,"index":121,"char":"N","width":32,"height":31,"xoffset":-1,"yoffset":15,"xadvance":30,"chnl":15,"x":48,"y":0,"page":0},{"id":79,"index":131,"char":"O","width":30,"height":32,"xoffset":0,"yoffset":15,"xadvance":30,"chnl":15,"x":57,"y":55,"page":0},{"id":83,"index":170,"char":"S","width":21,"height":32,"xoffset":0,"yoffset":15,"xadvance":20,"chnl":15,"x":81,"y":0,"page":0},{"id":84,"index":181,"char":"T","width":29,"height":32,"xoffset":-1,"yoffset":14,"xadvance":27,"chnl":15,"x":60,"y":129,"page":0},{"id":86,"index":216,"char":"V","width":32,"height":32,"xoffset":-1,"yoffset":15,"xadvance":29,"chnl":15,"x":80,"y":88,"page":0},{"id":88,"index":226,"char":"X","width":32,"height":31,"xoffset":-2,"yoffset":15,"xadvance":28,"chnl":15,"x":88,"y":33,"page":0},{"id":103,"index":317,"char":"g","width":21,"height":31,"xoffset":-1,"yoffset":24,"xadvance":19,"chnl":15,"x":103,"y":0,"page":0},{"id":112,"index":410,"char":"p","width":23,"height":31,"xoffset":-1,"yoffset":24,"xadvance":21,"chnl":15,"x":69,"y":162,"page":0},{"id":113,"index":414,"char":"q","width":23,"height":31,"xoffset":0,"yoffset":24,"xadvance":20,"chnl":15,"x":90,"y":121,"page":0},{"id":121,"index":486,"char":"y","width":23,"height":31,"xoffset":-2,"yoffset":24,"xadvance":19,"chnl":15,"x":113,"y":65,"page":0},{"id":65,"index":1,"char":"A","width":30,"height":31,"xoffset":-1,"yoffset":15,"xadvance":28,"chnl":15,"x":121,"y":32,"page":0},{"id":66,"index":28,"char":"B","width":25,"height":31,"xoffset":-1,"yoffset":15,"xadvance":24,"chnl":15,"x":125,"y":0,"page":0},{"id":68,"index":39,"char":"D","width":30,"height":31,"xoffset":-1,"yoffset":15,"xadvance":30,"chnl":15,"x":151,"y":0,"page":0},{"id":69,"index":49,"char":"E","width":25,"height":31,"xoffset":-1,"yoffset":15,"xadvance":23,"chnl":15,"x":92,"y":194,"page":0},{"id":70,"index":69,"char":"F","width":23,"height":31,"xoffset":0,"yoffset":15,"xadvance":23,"chnl":15,"x":93,"y":153,"page":0},{"id":72,"index":77,"char":"H","width":30,"height":31,"xoffset":0,"yoffset":15,"xadvance":29,"chnl":15,"x":114,"y":97,"page":0},{"id":73,"index":85,"char":"I","width":14,"height":31,"xoffset":0,"yoffset":15,"xadvance":13,"chnl":15,"x":137,"y":64,"page":0},{"id":75,"index":102,"char":"K","width":30,"height":31,"xoffset":0,"yoffset":15,"xadvance":28,"chnl":15,"x":117,"y":129,"page":0},{"id":76,"index":107,"char":"L","width":25,"height":31,"xoffset":-1,"yoffset":15,"xadvance":23,"chnl":15,"x":117,"y":161,"page":0},{"id":80,"index":158,"char":"P","width":23,"height":31,"xoffset":0,"yoffset":15,"xadvance":22,"chnl":15,"x":145,"y":96,"page":0},{"id":82,"index":163,"char":"R","width":30,"height":31,"xoffset":0,"yoffset":15,"xadvance":27,"chnl":15,"x":118,"y":193,"page":0},{"id":85,"index":190,"char":"U","width":31,"height":31,"xoffset":-1,"yoffset":15,"xadvance":29,"chnl":15,"x":118,"y":225,"page":0},{"id":89,"index":229,"char":"Y","width":29,"height":31,"xoffset":-1,"yoffset":15,"xadvance":27,"chnl":15,"x":143,"y":161,"page":0},{"id":90,"index":239,"char":"Z","width":27,"height":31,"xoffset":-1,"yoffset":15,"xadvance":25,"chnl":15,"x":149,"y":193,"page":0},{"id":51,"index":523,"char":"3","width":19,"height":31,"xoffset":-1,"yoffset":16,"xadvance":19,"chnl":15,"x":150,"y":225,"page":0},{"id":52,"index":524,"char":"4","width":21,"height":31,"xoffset":-1,"yoffset":16,"xadvance":20,"chnl":15,"x":170,"y":225,"page":0},{"id":54,"index":526,"char":"6","width":20,"height":31,"xoffset":0,"yoffset":15,"xadvance":20,"chnl":15,"x":148,"y":128,"page":0},{"id":56,"index":528,"char":"8","width":19,"height":31,"xoffset":0,"yoffset":16,"xadvance":20,"chnl":15,"x":152,"y":32,"page":0},{"id":57,"index":529,"char":"9","width":20,"height":31,"xoffset":0,"yoffset":15,"xadvance":20,"chnl":15,"x":152,"y":64,"page":0},{"id":33,"index":563,"char":"!","width":9,"height":31,"xoffset":1,"yoffset":16,"xadvance":11,"chnl":15,"x":172,"y":32,"page":0},{"id":63,"index":565,"char":"?","width":15,"height":31,"xoffset":0,"yoffset":16,"xadvance":15,"chnl":15,"x":169,"y":96,"page":0},{"id":37,"index":647,"char":"%","width":28,"height":31,"xoffset":0,"yoffset":16,"xadvance":28,"chnl":15,"x":173,"y":64,"page":0},{"id":105,"index":332,"char":"i","width":13,"height":30,"xoffset":-1,"yoffset":16,"xadvance":12,"chnl":15,"x":92,"y":226,"page":0},{"id":48,"index":520,"char":"0","width":22,"height":30,"xoffset":0,"yoffset":16,"xadvance":21,"chnl":15,"x":169,"y":128,"page":0},{"id":49,"index":521,"char":"1","width":15,"height":30,"xoffset":0,"yoffset":16,"xadvance":16,"chnl":15,"x":185,"y":96,"page":0},{"id":50,"index":522,"char":"2","width":20,"height":30,"xoffset":0,"yoffset":16,"xadvance":20,"chnl":15,"x":173,"y":159,"page":0},{"id":53,"index":525,"char":"5","width":19,"height":30,"xoffset":0,"yoffset":16,"xadvance":20,"chnl":15,"x":192,"y":127,"page":0},{"id":55,"index":527,"char":"7","width":21,"height":30,"xoffset":-1,"yoffset":16,"xadvance":20,"chnl":15,"x":201,"y":96,"page":0},{"id":116,"index":433,"char":"t","width":16,"height":26,"xoffset":-1,"yoffset":20,"xadvance":13,"chnl":15,"x":177,"y":190,"page":0},{"id":118,"index":472,"char":"v","width":25,"height":22,"xoffset":-2,"yoffset":24,"xadvance":20,"chnl":15,"x":223,"y":0,"page":0},{"id":110,"index":372,"char":"n","width":24,"height":22,"xoffset":-1,"yoffset":24,"xadvance":22,"chnl":15,"x":88,"y":65,"page":0},{"id":117,"index":443,"char":"u","width":23,"height":22,"xoffset":-1,"yoffset":24,"xadvance":21,"chnl":15,"x":223,"y":23,"page":0},{"id":120,"index":483,"char":"x","width":23,"height":22,"xoffset":-2,"yoffset":24,"xadvance":19,"chnl":15,"x":223,"y":46,"page":0},{"id":97,"index":247,"char":"a","width":20,"height":22,"xoffset":0,"yoffset":24,"xadvance":17,"chnl":15,"x":202,"y":0,"page":0},{"id":99,"index":279,"char":"c","width":18,"height":22,"xoffset":0,"yoffset":24,"xadvance":17,"chnl":15,"x":61,"y":32,"page":0},{"id":101,"index":295,"char":"e","width":19,"height":22,"xoffset":0,"yoffset":24,"xadvance":18,"chnl":15,"x":182,"y":0,"page":0},{"id":111,"index":382,"char":"o","width":22,"height":22,"xoffset":0,"yoffset":24,"xadvance":21,"chnl":15,"x":69,"y":194,"page":0},{"id":114,"index":415,"char":"r","width":18,"height":22,"xoffset":-1,"yoffset":24,"xadvance":16,"chnl":15,"x":202,"y":23,"page":0},{"id":115,"index":423,"char":"s","width":16,"height":22,"xoffset":0,"yoffset":24,"xadvance":15,"chnl":15,"x":182,"y":23,"page":0},{"id":122,"index":497,"char":"z","width":20,"height":22,"xoffset":-1,"yoffset":24,"xadvance":17,"chnl":15,"x":202,"y":46,"page":0},{"id":45,"index":578,"char":"-","width":15,"height":7,"xoffset":0,"yoffset":31,"xadvance":15,"chnl":15,"x":57,"y":88,"page":0},{"id":46,"index":558,"char":".","width":9,"height":9,"xoffset":0,"yoffset":38,"xadvance":10,"chnl":15,"x":247,"y":23,"page":0},{"id":32,"index":556,"char":" ","width":0,"height":0,"xoffset":-2,"yoffset":42,"xadvance":9,"chnl":15,"x":21,"y":221,"page":0}],"info":{"face":"CrimsonText-Regular","size":42,"bold":0,"italic":0,"charset":["a","b","c","d","e","f","g","h","i","j","k","l","m","n","o","p","q","r","s","t","u","v","w","x","y","z","A","B","C","D","E","F","G","H","I","J","K","L","M","N","O","P","Q","R","S","T","U","V","W","X","Y","Z","0","1","2","3","4","5","6","7","8","9",".","!","?","%","(",")","$","-"," "],"unicode":1,"stretchH":100,"smooth":1,"aa":1,"padding":[2,2,2,2],"spacing":[0,0]},"common":{"lineHeight":55,"base":42,"scaleW":256,"scaleH":256,"pages":1,"packed":0,"alphaChnl":0,"redChnl":0,"greenChnl":0,"blueChnl":0},"distanceField":{"fieldType":"msdf","distanceRange":4},"kernings":[{"first":97,"second":118,"amount":-1},{"first":97,"second":119,"amount":-1},{"first":98,"second":121,"amount":-1},{"first":101,"second":121,"amount":-1},{"first":104,"second":117,"amount":-1},{"first":104,"second":118,"amount":-1},{"first":104,"second":119,"amount":-1},{"first":104,"second":121,"amount":-1},{"first":109,"second":117,"amount":-1},{"first":109,"second":118,"amount":-1},{"first":109,"second":119,"amount":-1},{"first":109,"second":121,"amount":-1},{"first":110,"second":117,"amount":-1},{"first":110,"second":118,"amount":-1},{"first":110,"second":119,"amount":-1},{"first":110,"second":121,"amount":-1},{"first":111,"second":121,"amount":-1},{"first":112,"second":121,"amount":-1},{"first":113,"second":98,"amount":1},{"first":113,"second":104,"amount":1},{"first":113,"second":106,"amount":1},{"first":113,"second":107,"amount":1},{"first":113,"second":108,"amount":1},{"first":118,"second":46,"amount":-2},{"first":119,"second":46,"amount":-2},{"first":121,"second":46,"amount":-2},{"first":65,"second":99,"amount":-1},{"first":65,"second":100,"amount":-1},{"first":65,"second":101,"amount":-1},{"first":65,"second":111,"amount":-1},{"first":65,"second":113,"amount":-1},{"first":65,"second":118,"amount":-2},{"first":65,"second":119,"amount":-2},{"first":65,"second":121,"amount":-2},{"first":65,"second":67,"amount":-2},{"first":65,"second":71,"amount":-2},{"first":65,"second":79,"amount":-1},{"first":65,"second":81,"amount":-2},{"first":65,"second":84,"amount":-4},{"first":65,"second":85,"amount":-2},{"first":65,"second":86,"amount":-3},{"first":65,"second":87,"amount":-3},{"first":65,"second":89,"amount":-3},{"first":66,"second":86,"amount":-2},{"first":66,"second":87,"amount":-2},{"first":68,"second":65,"amount":-2},{"first":68,"second":84,"amount":-2},{"first":68,"second":86,"amount":-1},{"first":68,"second":87,"amount":-1},{"first":68,"second":89,"amount":-2},{"first":70,"second":99,"amount":-2},{"first":70,"second":100,"amount":-2},{"first":70,"second":101,"amount":-2},{"first":70,"second":109,"amount":-1},{"first":70,"second":110,"amount":-1},{"first":70,"second":111,"amount":-2},{"first":70,"second":113,"amount":-2},{"first":70,"second":114,"amount":-1},{"first":71,"second":86,"amount":-2},{"first":71,"second":87,"amount":-2},{"first":74,"second":65,"amount":-1},{"first":75,"second":117,"amount":-2},{"first":75,"second":118,"amount":-2},{"first":75,"second":119,"amount":-2},{"first":75,"second":121,"amount":-3},{"first":75,"second":67,"amount":-2},{"first":75,"second":71,"amount":-2},{"first":75,"second":79,"amount":-2},{"first":75,"second":81,"amount":-2},{"first":75,"second":86,"amount":-2},{"first":75,"second":87,"amount":-2},{"first":76,"second":121,"amount":-2},{"first":76,"second":65,"amount":-1},{"first":76,"second":67,"amount":-1},{"first":76,"second":71,"amount":-1},{"first":76,"second":79,"amount":-1},{"first":76,"second":81,"amount":-1},{"first":76,"second":86,"amount":-2},{"first":76,"second":87,"amount":-2},{"first":77,"second":65,"amount":-1},{"first":78,"second":65,"amount":-1},{"first":79,"second":65,"amount":-1},{"first":79,"second":84,"amount":-2},{"first":79,"second":86,"amount":-2},{"first":79,"second":87,"amount":-2},{"first":79,"second":89,"amount":-2},{"first":80,"second":99,"amount":-1},{"first":80,"second":100,"amount":-1},{"first":80,"second":101,"amount":-1},{"first":80,"second":111,"amount":-1},{"first":80,"second":113,"amount":-1},{"first":80,"second":65,"amount":-2},{"first":82,"second":118,"amount":-2},{"first":82,"second":119,"amount":-2},{"first":82,"second":121,"amount":-2},{"first":82,"second":79,"amount":-1},{"first":82,"second":84,"amount":-2},{"first":82,"second":85,"amount":-1},{"first":82,"second":86,"amount":-3},{"first":82,"second":87,"amount":-3},{"first":82,"second":89,"amount":-3},{"first":84,"second":97,"amount":-3},{"first":84,"second":99,"amount":-3},{"first":84,"second":100,"amount":-3},{"first":84,"second":101,"amount":-3},{"first":84,"second":102,"amount":-2},{"first":84,"second":103,"amount":-2},{"first":84,"second":109,"amount":-3},{"first":84,"second":110,"amount":-3},{"first":84,"second":111,"amount":-3},{"first":84,"second":112,"amount":-2},{"first":84,"second":113,"amount":-3},{"first":84,"second":114,"amount":-3},{"first":84,"second":115,"amount":-2},{"first":84,"second":116,"amount":-2},{"first":84,"second":117,"amount":-3},{"first":84,"second":118,"amount":-3},{"first":84,"second":119,"amount":-3},{"first":84,"second":120,"amount":-2},{"first":84,"second":121,"amount":-2},{"first":84,"second":122,"amount":-2},{"first":84,"second":65,"amount":-3},{"first":84,"second":67,"amount":-2},{"first":84,"second":71,"amount":-2},{"first":84,"second":79,"amount":-2},{"first":84,"second":81,"amount":-2},{"first":85,"second":97,"amount":-1},{"first":85,"second":99,"amount":-2},{"first":85,"second":100,"amount":-2},{"first":85,"second":101,"amount":-2},{"first":85,"second":109,"amount":-1},{"first":85,"second":110,"amount":-1},{"first":85,"second":111,"amount":-2},{"first":85,"second":113,"amount":-2},{"first":85,"second":114,"amount":-1},{"first":85,"second":115,"amount":-1},{"first":85,"second":118,"amount":-1},{"first":85,"second":119,"amount":-1},{"first":85,"second":120,"amount":-1},{"first":85,"second":121,"amount":-1},{"first":85,"second":65,"amount":-2},{"first":86,"second":97,"amount":-4},{"first":86,"second":99,"amount":-5},{"first":86,"second":100,"amount":-5},{"first":86,"second":101,"amount":-5},{"first":86,"second":102,"amount":-2},{"first":86,"second":103,"amount":-2},{"first":86,"second":105,"amount":-1},{"first":86,"second":106,"amount":-2},{"first":86,"second":109,"amount":-3},{"first":86,"second":110,"amount":-3},{"first":86,"second":111,"amount":-5},{"first":86,"second":112,"amount":-2},{"first":86,"second":113,"amount":-5},{"first":86,"second":114,"amount":-3},{"first":86,"second":115,"amount":-3},{"first":86,"second":116,"amount":-2},{"first":86,"second":117,"amount":-3},{"first":86,"second":118,"amount":-3},{"first":86,"second":119,"amount":-3},{"first":86,"second":120,"amount":-2},{"first":86,"second":121,"amount":-2},{"first":86,"second":122,"amount":-3},{"first":86,"second":65,"amount":-5},{"first":86,"second":67,"amount":-1},{"first":86,"second":71,"amount":-1},{"first":86,"second":79,"amount":-2},{"first":86,"second":81,"amount":-1},{"first":87,"second":97,"amount":-4},{"first":87,"second":99,"amount":-5},{"first":87,"second":100,"amount":-5},{"first":87,"second":101,"amount":-5},{"first":87,"second":102,"amount":-2},{"first":87,"second":103,"amount":-2},{"first":87,"second":105,"amount":-1},{"first":87,"second":106,"amount":-2},{"first":87,"second":109,"amount":-3},{"first":87,"second":110,"amount":-3},{"first":87,"second":111,"amount":-5},{"first":87,"second":112,"amount":-2},{"first":87,"second":113,"amount":-5},{"first":87,"second":114,"amount":-3},{"first":87,"second":115,"amount":-3},{"first":87,"second":116,"amount":-2},{"first":87,"second":117,"amount":-3},{"first":87,"second":118,"amount":-3},{"first":87,"second":119,"amount":-3},{"first":87,"second":120,"amount":-2},{"first":87,"second":121,"amount":-2},{"first":87,"second":122,"amount":-3},{"first":87,"second":65,"amount":-5},{"first":87,"second":67,"amount":-1},{"first":87,"second":71,"amount":-1},{"first":87,"second":79,"amount":-2},{"first":87,"second":81,"amount":-1},{"first":89,"second":97,"amount":-3},{"first":89,"second":99,"amount":-4},{"first":89,"second":100,"amount":-4},{"first":89,"second":101,"amount":-4},{"first":89,"second":102,"amount":-2},{"first":89,"second":103,"amount":-3},{"first":89,"second":106,"amount":-2},{"first":89,"second":109,"amount":-2},{"first":89,"second":110,"amount":-2},{"first":89,"second":111,"amount":-4},{"first":89,"second":112,"amount":-3},{"first":89,"second":113,"amount":-4},{"first":89,"second":114,"amount":-2},{"first":89,"second":115,"amount":-4},{"first":89,"second":116,"amount":-2},{"first":89,"second":117,"amount":-3},{"first":89,"second":118,"amount":-3},{"first":89,"second":119,"amount":-3},{"first":89,"second":120,"amount":-3},{"first":89,"second":121,"amount":-3},{"first":89,"second":122,"amount":-3},{"first":89,"second":65,"amount":-3},{"first":89,"second":67,"amount":-2},{"first":89,"second":71,"amount":-2},{"first":89,"second":79,"amount":-2},{"first":89,"second":81,"amount":-2},{"first":55,"second":52,"amount":-2},{"first":55,"second":56,"amount":-2},{"first":45,"second":84,"amount":-2}]}